vehicle_id,warehouse_name,warehouse_lat,warehouse_lng,port_name,port_lat,port_lng
MH96FQ8208,Factory B,28.7041,77.1025,Visakhapatnam Port,17.7,83.3
MH49NW8032,Factory D,26.9124,75.7873,Kandla Port,23.0333,70.2167
MH64KD5875,Factory F,21.1702,72.8311,Mumbai Port,18.94,72.82
MH53QI6954,Factory G,13.0827,80.2707,Chennai Port,13.08,80.28
MH89UA4094,Factory A,19.076,72.8777,Mumbai Port,18.94,72.82
MH35EL2528,Factory G,13.0827,80.2707,Paradip Port,20.3167,86.6167
MH56BI6872,Factory A,19.076,72.8777,Kandla Port,23.0333,70.2167
MH22UE2834,Factory C,23.0225,72.5714,Mumbai Port,18.94,72.82
MH92LC8657,Factory C,23.0225,72.5714,Chennai Port,13.08,80.28
MH35IR1977,Factory G,13.0827,80.2707,Chennai Port,13.08,80.28
MH20TF5347,Factory B,28.7041,77.1025,Cochin Port,9.9667,76.2667
MH06GM5507,Factory A,19.076,72.8777,Cochin Port,9.9667,76.2667
MH12CU5363,Factory F,21.1702,72.8311,Chennai Port,13.08,80.28
MH22UB9357,Factory B,28.7041,77.1025,Tuticorin Port,8.7833,78.1333
MH20SZ6862,Factory F,21.1702,72.8311,Tuticorin Port,8.7833,78.1333
MH59YT2850,Factory D,26.9124,75.7873,Cochin Port,9.9667,76.2667
MH22CW8236,Factory D,26.9124,75.7873,Visakhapatnam Port,17.7,83.3
MH97EV1278,Factory C,23.0225,72.5714,Tuticorin Port,8.7833,78.1333
MH40WK8404,Factory D,26.9124,75.7873,Visakhapatnam Port,17.7,83.3
MH39RY2147,Factory A,19.076,72.8777,Chennai Port,13.08,80.28
MH96OT6626,Factory C,23.0225,72.5714,Mumbai Port,18.94,72.82
MH49EV7600,Factory D,26.9124,75.7873,Tuticorin Port,8.7833,78.1333
MH91NL3289,Factory B,28.7041,77.1025,Cochin Port,9.9667,76.2667
MH43DD4403,Factory B,28.7041,77.1025,Paradip Port,20.3167,86.6167
MH92LI3791,Factory A,19.076,72.8777,Visakhapatnam Port,17.7,83.3
MH74UO4615,Factory B,28.7041,77.1025,Mumbai Port,18.94,72.82
MH74OQ6385,Factory F,21.1702,72.8311,Kandla Port,23.0333,70.2167
MH84GL3980,Factory F,21.1702,72.8311,Chennai Port,13.08,80.28
MH65LP9923,Factory F,21.1702,72.8311,Tuticorin Port,8.7833,78.1333
MH66HT6835,Factory F,21.1702,72.8311,Tuticorin Port,8.7833,78.1333
MH43WT5167,Factory C,23.0225,72.5714,Chennai Port,13.08,80.28
MH67RF7050,Factory B,28.7041,77.1025,Chennai Port,13.08,80.28
MH24ZC7399,Factory D,26.9124,75.7873,Cochin Port,9.9667,76.2667
MH50JX3857,Factory C,23.0225,72.5714,Chennai Port,13.08,80.28
MH90YR6533,Factory F,21.1702,72.8311,Paradip Port,20.3167,86.6167
MH78OH7527,Factory E,22.7196,75.8577,Mumbai Port,18.94,72.82
MH39ZN4480,Factory A,19.076,72.8777,Chennai Port,13.08,80.28
MH93VH4596,Factory B,28.7041,77.1025,Kandla Port,23.0333,70.2167
MH25DB6349,Factory C,23.0225,72.5714,Kandla Port,23.0333,70.2167
MH74EP8547,Factory C,23.0225,72.5714,Mumbai Port,18.94,72.82
MH76LB5376,Factory F,21.1702,72.8311,Tuticorin Port,8.7833,78.1333
MH58ZQ3466,Factory F,21.1702,72.8311,Mumbai Port,18.94,72.82
MH88RZ1385,Factory E,22.7196,75.8577,Mumbai Port,18.94,72.82
MH86OV4134,Factory F,21.1702,72.8311,Mumbai Port,18.94,72.82
MH61WM6513,Factory F,21.1702,72.8311,Visakhapatnam Port,17.7,83.3
MH68GY8772,Factory E,22.7196,75.8577,Cochin Port,9.9667,76.2667
MH28HP3755,Factory B,28.7041,77.1025,Chennai Port,13.08,80.28
MH03FK9944,Factory D,26.9124,75.7873,Chennai Port,13.08,80.28
MH21IM1297,Factory A,19.076,72.8777,Paradip Port,20.3167,86.6167
MH52CE7638,Factory F,21.1702,72.8311,Mumbai Port,18.94,72.82
MH30IJ6515,Factory E,22.7196,75.8577,Kandla Port,23.0333,70.2167
MH55BK4691,Factory C,23.0225,72.5714,Kandla Port,23.0333,70.2167
MH73ZD9822,Factory B,28.7041,77.1025,Paradip Port,20.3167,86.6167
MH56JN5144,Factory G,13.0827,80.2707,Tuticorin Port,8.7833,78.1333
MH17WW9065,Factory A,19.076,72.8777,Kandla Port,23.0333,70.2167
MH20OA1581,Factory A,19.076,72.8777,Paradip Port,20.3167,86.6167
MH48OF2601,Factory C,23.0225,72.5714,Visakhapatnam Port,17.7,83.3
MH81VA5633,Factory F,21.1702,72.8311,Paradip Port,20.3167,86.6167
MH57RG8646,Factory G,13.0827,80.2707,Tuticorin Port,8.7833,78.1333
MH38DC1619,Factory C,23.0225,72.5714,Visakhapatnam Port,17.7,83.3
MH83VL6061,Factory D,26.9124,75.7873,Chennai Port,13.08,80.28
MH83UT4839,Factory G,13.0827,80.2707,Visakhapatnam Port,17.7,83.3
MH18OY8566,Factory C,23.0225,72.5714,Visakhapatnam Port,17.7,83.3
MH97CO7909,Factory A,19.076,72.8777,Cochin Port,9.9667,76.2667
MH62AN1953,Factory B,28.7041,77.1025,Visakhapatnam Port,17.7,83.3
MH81WV7355,Factory G,13.0827,80.2707,Cochin Port,9.9667,76.2667
MH64IW1608,Factory C,23.0225,72.5714,Paradip Port,20.3167,86.6167
MH70JF5531,Factory E,22.7196,75.8577,Tuticorin Port,8.7833,78.1333
MH13QI4663,Factory B,28.7041,77.1025,Cochin Port,9.9667,76.2667
MH88PD6500,Factory C,23.0225,72.5714,Chennai Port,13.08,80.28
MH04IZ8727,Factory F,21.1702,72.8311,Mumbai Port,18.94,72.82
MH72VV9566,Factory E,22.7196,75.8577,Paradip Port,20.3167,86.6167
MH39QP5691,Factory E,22.7196,75.8577,Chennai Port,13.08,80.28
MH52ZE6765,Factory G,13.0827,80.2707,Visakhapatnam Port,17.7,83.3
MH27BR2727,Factory A,19.076,72.8777,Cochin Port,9.9667,76.2667
MH45JL2493,Factory G,13.0827,80.2707,Mumbai Port,18.94,72.82
MH33CF5266,Factory G,13.0827,80.2707,Paradip Port,20.3167,86.6167
MH64SH6156,Factory C,23.0225,72.5714,Kandla Port,23.0333,70.2167
MH84ZP4216,Factory F,21.1702,72.8311,Tuticorin Port,8.7833,78.1333
MH99SR3141,Factory E,22.7196,75.8577,Tuticorin Port,8.7833,78.1333
MH57DC4360,Factory B,28.7041,77.1025,Paradip Port,20.3167,86.6167
MH90KK6200,Factory A,19.076,72.8777,Mumbai Port,18.94,72.82
MH41SI6697,Factory G,13.0827,80.2707,Tuticorin Port,8.7833,78.1333
MH47OG4273,Factory F,21.1702,72.8311,Paradip Port,20.3167,86.6167
MH29FQ7495,Factory C,23.0225,72.5714,Visakhapatnam Port,17.7,83.3
MH33NC9391,Factory G,13.0827,80.2707,Mumbai Port,18.94,72.82
MH11XJ4501,Factory A,19.076,72.8777,Kandla Port,23.0333,70.2167
MH32UU8571,Factory A,19.076,72.8777,Tuticorin Port,8.7833,78.1333
MH78BV5083,Factory A,19.076,72.8777,Tuticorin Port,8.7833,78.1333
MH94NR9326,Factory G,13.0827,80.2707,Tuticorin Port,8.7833,78.1333
MH15YJ6361,Factory A,19.076,72.8777,Cochin Port,9.9667,76.2667
MH35TH4253,Factory D,26.9124,75.7873,Kandla Port,23.0333,70.2167
MH92RS2670,Factory G,13.0827,80.2707,Mumbai Port,18.94,72.82
MH46CW1162,Factory F,21.1702,72.8311,Visakhapatnam Port,17.7,83.3
MH55XH4269,Factory C,23.0225,72.5714,Cochin Port,9.9667,76.2667
MH53BQ9967,Factory A,19.076,72.8777,Kandla Port,23.0333,70.2167
MH12DI2618,Factory F,21.1702,72.8311,Kandla Port,23.0333,70.2167
MH77FP6282,Factory B,28.7041,77.1025,Visakhapatnam Port,17.7,83.3
MH11IQ1358,Factory D,26.9124,75.7873,Chennai Port,13.08,80.28
MH20CW4315,Factory E,22.7196,75.8577,Tuticorin Port,8.7833,78.1333
MH85DI6150,Factory E,22.7196,75.8577,Cochin Port,9.9667,76.2667
MH02VJ8939,Factory G,13.0827,80.2707,Paradip Port,20.3167,86.6167
MH48QF2030,Factory C,23.0225,72.5714,Tuticorin Port,8.7833,78.1333
MH64YO7299,Factory A,19.076,72.8777,Visakhapatnam Port,17.7,83.3
MH81UJ3295,Factory C,23.0225,72.5714,Cochin Port,9.9667,76.2667
MH24WN5969,Factory A,19.076,72.8777,Tuticorin Port,8.7833,78.1333
MH68GL3168,Factory E,22.7196,75.8577,Mumbai Port,18.94,72.82
MH18TJ1086,Factory B,28.7041,77.1025,Paradip Port,20.3167,86.6167
MH60TC7914,Factory C,23.0225,72.5714,Mumbai Port,18.94,72.82
MH17AO7823,Factory B,28.7041,77.1025,Cochin Port,9.9667,76.2667
MH52HG9669,Factory F,21.1702,72.8311,Kandla Port,23.0333,70.2167
MH07FK2959,Factory D,26.9124,75.7873,Visakhapatnam Port,17.7,83.3
MH13LS5059,Factory F,21.1702,72.8311,Visakhapatnam Port,17.7,83.3
MH73WD8331,Factory A,19.076,72.8777,Paradip Port,20.3167,86.6167
MH08MC4073,Factory F,21.1702,72.8311,Kandla Port,23.0333,70.2167
MH93MU2826,Factory C,23.0225,72.5714,Mumbai Port,18.94,72.82
MH41MX7831,Factory G,13.0827,80.2707,Kandla Port,23.0333,70.2167
MH97BO7734,Factory A,19.076,72.8777,Visakhapatnam Port,17.7,83.3
MH47PJ4746,Factory B,28.7041,77.1025,Tuticorin Port,8.7833,78.1333
MH74EB4341,Factory A,19.076,72.8777,Kandla Port,23.0333,70.2167
MH55SX9435,Factory C,23.0225,72.5714,Paradip Port,20.3167,86.6167
MH30ON2990,Factory A,19.076,72.8777,Paradip Port,20.3167,86.6167
MH13AR2339,Factory A,19.076,72.8777,Cochin Port,9.9667,76.2667
MH47VK9988,Factory D,26.9124,75.7873,Tuticorin Port,8.7833,78.1333
MH23ZV6322,Factory C,23.0225,72.5714,Kandla Port,23.0333,70.2167
MH09QN1963,Factory F,21.1702,72.8311,Chennai Port,13.08,80.28
MH25OE9397,Factory E,22.7196,75.8577,Visakhapatnam Port,17.7,83.3
MH80HT3974,Factory D,26.9124,75.7873,Chennai Port,13.08,80.28
MH57KQ5533,Factory C,23.0225,72.5714,Cochin Port,9.9667,76.2667
MH07IQ1271,Factory B,28.7041,77.1025,Kandla Port,23.0333,70.2167
MH02IN7954,Factory A,19.076,72.8777,Cochin Port,9.9667,76.2667
MH50SF9959,Factory E,22.7196,75.8577,Chennai Port,13.08,80.28
MH01EQ9748,Factory F,21.1702,72.8311,Visakhapatnam Port,17.7,83.3
MH10GG2070,Factory C,23.0225,72.5714,Mumbai Port,18.94,72.82
MH27AS2108,Factory G,13.0827,80.2707,Cochin Port,9.9667,76.2667
MH45OR8667,Factory A,19.076,72.8777,Cochin Port,9.9667,76.2667
MH80WQ3453,Factory A,19.076,72.8777,Cochin Port,9.9667,76.2667
MH85TS6764,Factory A,19.076,72.8777,Kandla Port,23.0333,70.2167
MH20WG4692,Factory A,19.076,72.8777,Mumbai Port,18.94,72.82
MH32AM2563,Factory F,21.1702,72.8311,Kandla Port,23.0333,70.2167
MH77ZG5902,Factory F,21.1702,72.8311,Paradip Port,20.3167,86.6167
MH82UG7072,Factory C,23.0225,72.5714,Mumbai Port,18.94,72.82
MH04UP7010,Factory B,28.7041,77.1025,Paradip Port,20.3167,86.6167
MH58JT2697,Factory C,23.0225,72.5714,Mumbai Port,18.94,72.82
MH68LU5498,Factory B,28.7041,77.1025,Chennai Port,13.08,80.28
MH63JE6284,Factory F,21.1702,72.8311,Chennai Port,13.08,80.28
MH05LH7296,Factory D,26.9124,75.7873,Mumbai Port,18.94,72.82
MH40QW4073,Factory C,23.0225,72.5714,Paradip Port,20.3167,86.6167
MH07NT2513,Factory F,21.1702,72.8311,Tuticorin Port,8.7833,78.1333
MH02WD8722,Factory D,26.9124,75.7873,Kandla Port,23.0333,70.2167
MH43JD1000,Factory F,21.1702,72.8311,Chennai Port,13.08,80.28
MH14UR8256,Factory B,28.7041,77.1025,Tuticorin Port,8.7833,78.1333
MH09UW5092,Factory E,22.7196,75.8577,Tuticorin Port,8.7833,78.1333
MH62VW6417,Factory D,26.9124,75.7873,Kandla Port,23.0333,70.2167
MH52GW9535,Factory G,13.0827,80.2707,Chennai Port,13.08,80.28
MH04VB9815,Factory C,23.0225,72.5714,Mumbai Port,18.94,72.82
MH33FV9417,Factory G,13.0827,80.2707,Paradip Port,20.3167,86.6167
MH86YZ3186,Factory D,26.9124,75.7873,Kandla Port,23.0333,70.2167
MH46ME2300,Factory B,28.7041,77.1025,Kandla Port,23.0333,70.2167
MH09UH4639,Factory B,28.7041,77.1025,Kandla Port,23.0333,70.2167
MH38AP6583,Factory D,26.9124,75.7873,Visakhapatnam Port,17.7,83.3
MH34OD7016,Factory B,28.7041,77.1025,Paradip Port,20.3167,86.6167
MH17UG9872,Factory A,19.076,72.8777,Chennai Port,13.08,80.28
MH93FG7141,Factory B,28.7041,77.1025,Tuticorin Port,8.7833,78.1333
MH68YI4573,Factory B,28.7041,77.1025,Chennai Port,13.08,80.28
MH08DK1766,Factory B,28.7041,77.1025,Cochin Port,9.9667,76.2667
MH24DP6918,Factory D,26.9124,75.7873,Visakhapatnam Port,17.7,83.3
MH11HM7041,Factory F,21.1702,72.8311,Tuticorin Port,8.7833,78.1333
MH28SA4384,Factory D,26.9124,75.7873,Visakhapatnam Port,17.7,83.3
MH78RQ1913,Factory F,21.1702,72.8311,Chennai Port,13.08,80.28
MH08QT1745,Factory E,22.7196,75.8577,Mumbai Port,18.94,72.82
MH82LA6711,Factory A,19.076,72.8777,Tuticorin Port,8.7833,78.1333
MH82AQ7306,Factory F,21.1702,72.8311,Visakhapatnam Port,17.7,83.3
MH69AR6139,Factory A,19.076,72.8777,Kandla Port,23.0333,70.2167
MH15HO9947,Factory C,23.0225,72.5714,Cochin Port,9.9667,76.2667
MH38SM8596,Factory A,19.076,72.8777,Chennai Port,13.08,80.28
MH94NJ5862,Factory E,22.7196,75.8577,Cochin Port,9.9667,76.2667
MH13PY6604,Factory A,19.076,72.8777,Chennai Port,13.08,80.28
MH37AF6067,Factory A,19.076,72.8777,Mumbai Port,18.94,72.82
MH63MX6251,Factory F,21.1702,72.8311,Visakhapatnam Port,17.7,83.3
MH09IV9989,Factory D,26.9124,75.7873,Paradip Port,20.3167,86.6167
MH46YP5767,Factory C,23.0225,72.5714,Visakhapatnam Port,17.7,83.3
MH76TC7084,Factory A,19.076,72.8777,Tuticorin Port,8.7833,78.1333
MH24FO4186,Factory C,23.0225,72.5714,Chennai Port,13.08,80.28
MH62HP7719,Factory B,28.7041,77.1025,Cochin Port,9.9667,76.2667
MH43DR3740,Factory D,26.9124,75.7873,Paradip Port,20.3167,86.6167
MH23LG8451,Factory B,28.7041,77.1025,Visakhapatnam Port,17.7,83.3
MH78OP2447,Factory F,21.1702,72.8311,Cochin Port,9.9667,76.2667
MH73RE2821,Factory A,19.076,72.8777,Kandla Port,23.0333,70.2167
MH55SH6957,Factory F,21.1702,72.8311,Visakhapatnam Port,17.7,83.3
MH34VN3244,Factory A,19.076,72.8777,Chennai Port,13.08,80.28
MH66YE5540,Factory C,23.0225,72.5714,Chennai Port,13.08,80.28
MH78NK5499,Factory G,13.0827,80.2707,Tuticorin Port,8.7833,78.1333
MH27EL5143,Factory C,23.0225,72.5714,Tuticorin Port,8.7833,78.1333
MH57AA2306,Factory C,23.0225,72.5714,Cochin Port,9.9667,76.2667
MH76EQ8262,Factory B,28.7041,77.1025,Paradip Port,20.3167,86.6167
MH45PZ4548,Factory B,28.7041,77.1025,Visakhapatnam Port,17.7,83.3
MH34LJ8040,Factory G,13.0827,80.2707,Cochin Port,9.9667,76.2667
MH56BY5527,Factory G,13.0827,80.2707,Cochin Port,9.9667,76.2667
MH02YS3089,Factory F,21.1702,72.8311,Mumbai Port,18.94,72.82
